{"Vang12345_1672232052": {"Elo": 1188.4933815816278, "ngoxuanphong_1672396681": {"0": [7547, 25.865416049957275], "1": [32, 41.0969672203064], "2": []}, "ngoxuanphong_1672398548": {"0": [7485, 24.032491207122803], "1": []}}, "ngoxuanphong_1672566709": {"Elo": 1188.880481531004, "ngoxuanphong_1672396681": {"0": [7493, 23.757449865341187], "1": [31, 43.775712728500366], "2": []}, "ngoxuanphong_1672398548": {"0": [7591, 23.888100624084473], "1": []}}, "ngoxuanphong_1672567958": {"Elo": 1188.492466883732, "ngoxuanphong_1672396681": {"0": [7494, 24.054967164993286], "1": [32, 79.51671576499939], "2": []}, "ngoxuanphong_1672398548": {"0": [6912, 24.409438848495483], "1": []}}, "ngoxuanphong_1672568281": {"Elo": 1188.6718924013426, "ngoxuanphong_1672396681": {"0": [7816, 23.964787006378174], "1": [32, 90.50631856918335], "2": []}, "ngoxuanphong_1672398548": {"0": [7422, 25.26520586013794], "1": []}}, "ngoxuanphong_1672569882": {"Elo": 1188.3436273910172, "ngoxuanphong_1672396681": {"0": [7970, 25.731716632843018], "1": [28, 40.05461859703064], "2": []}, "ngoxuanphong_1672398548": {"0": [7700, 26.601467847824097], "1": []}}, "ngoxuanphong_1672570539": {"Elo": 1188.1885557708688, "ngoxuanphong_1672396681": {"0": [7541, 25.853286266326904], "1": [36, 44.372507095336914], "2": []}, "ngoxuanphong_1672398548": {"0": [7285, 25.4498074054718], "1": []}}, "ngoxuanphong_1672570564": {"Elo": 1188.4926697468584, "ngoxuanphong_1672396681": {"0": [7325, 23.85976505279541], "1": [33, 44.061829566955566], "2": []}, "ngoxuanphong_1672398548": {"0": [7336, 25.18738842010498], "1": []}}, "ngoxuanphong_1672571378": {"Elo": 1188.1758292284076, "ngoxuanphong_1672396681": {"0": [7905, 26.33132290840149], "1": [34, 158.1953411102295], "2": []}, "ngoxuanphong_1672398548": {"0": [7159, 25.639364004135132], "1": []}}, "ngoxuanphong_1672573911": {"Elo": 1188.719093262815, "ngoxuanphong_1672396681": {"0": [7394, 24.194530487060547], "1": [29, 80.4129867553711], "2": []}, "ngoxuanphong_1672398548": {"0": [7625, 24.24552083015442], "1": []}}, "phong123_1672574919": {"Elo": 1188.573182247478, "ngoxuanphong_1672396681": {"0": [7515, 23.523861408233643], "1": [38, 84.3295509815216], "2": []}, "ngoxuanphong_1672398548": {"0": [7303, 25.420610427856445], "1": []}}, "VisCompany_1672651410": {"Elo": 1150.0, "ngoxuanphong_1672396681": {"0": [2443, 31.00397825241089], "1": [], "2": []}, "ngoxuanphong_1672398548": {"0": [], "1": []}}}