{"VisCompany_1672654457": {"Elo": 1211.3892984364707, "ngoxuanphong_1672396681": {"0": [7913, 38.148792028427124], "1": [], "2": []}, "ngoxuanphong_1672398548": {"0": [7715, 32.41412949562073], "1": []}}}