{
  "system0_1672838310": {
    "Elo": 1200,
    "First train": false,
    "Level Train": 0,
    "Agent Save": false,
    "system0_1672717758": {
      "State_level": [
        -1,
        0,
        7
      ],
      "0": [],
      "1": [],
      "2": [],
      "3": [
        15,
        134.64759349822998
      ],
      "4": [],
      "5": [
        30,
        138.60854744911194
      ],
      "6": [],
      "7": []
    },
    "system0_1672720433": {
      "State_level": [
        0,
        0,
        4
      ],
      "0": [],
      "1": [],
      "2": [
        32,
        136.75696682929993
      ],
      "3": [],
      "4": []
    },
    "system0_1672749686": {
      "State_level": [
        -1,
        0,
        7
      ],
      "0": [],
      "1": [],
      "2": [],
      "3": [
        2634,
        126.20932340621948
      ],
      "4": [],
      "5": [],
      "6": [],
      "7": []
    }
  },
  "system0_1672838339": {
    "Elo": 1200,
    "First train": false,
    "Level Train": 0,
    "Agent Save": false,
    "system0_1672717758": {
      "State_level": [
        -1,
        0,
        7
      ],
      "0": [],
      "1": [],
      "2": [],
      "3": [
        24,
        205.77765822410583
      ],
      "4": [],
      "5": [
        28,
        181.29529738426208
      ],
      "6": [],
      "7": []
    },
    "system0_1672720433": {
      "State_level": [
        0,
        0,
        4
      ],
      "0": [],
      "1": [],
      "2": [
        48,
        159.81857204437256
      ],
      "3": [],
      "4": []
    },
    "system0_1672749686": {
      "State_level": [
        -1,
        0,
        7
      ],
      "0": [],
      "1": [],
      "2": [],
      "3": [
        2480,
        134.1449077129364
      ],
      "4": [],
      "5": [],
      "6": [],
      "7": []
    }
  }
}